{"hidden_dim": 1024, "dropout_rate": 0.46846582406954906, "noise_std": 0.07157085105452693, "learning_rate": 0.0006919679660895003}